"filename", "language", "Java", "Markdown", "comment", "blank", "total"
"d:\GitRepos\JOGL-Engine-2\README.md", "Markdown", 0, 6, 0, 2, 8
"d:\GitRepos\JOGL-Engine-2\src\engine\EventListener.java", "Java", 42, 0, 2, 21, 65
"d:\GitRepos\JOGL-Engine-2\src\engine\GameLoop.java", "Java", 7, 0, 0, 2, 9
"d:\GitRepos\JOGL-Engine-2\src\engine\Inputs\KeyInput.java", "Java", 30, 0, 25, 16, 71
"d:\GitRepos\JOGL-Engine-2\src\engine\Inputs\KeyInputCaller.java", "Java", 13, 0, 6, 6, 25
"d:\GitRepos\JOGL-Engine-2\src\engine\Inputs\KeyInputKeys.java", "Java", 47, 0, 13, 11, 71
"d:\GitRepos\JOGL-Engine-2\src\engine\Inputs\MouseInput.java", "Java", 31, 0, 24, 13, 68
"d:\GitRepos\JOGL-Engine-2\src\engine\Inputs\MouseInputCaller.java", "Java", 37, 0, 24, 13, 74
"d:\GitRepos\JOGL-Engine-2\src\engine\Inputs\MouseInputKeys.java", "Java", 11, 0, 0, 2, 13
"d:\GitRepos\JOGL-Engine-2\src\engine\components\Event.java", "Java", 21, 0, 24, 7, 52
"d:\GitRepos\JOGL-Engine-2\src\engine\components\GameObject.java", "Java", 8, 0, 17, 8, 33
"d:\GitRepos\JOGL-Engine-2\src\engine\components\Image.java", "Java", 64, 0, 64, 24, 152
"d:\GitRepos\JOGL-Engine-2\src\engine\components\Transform.java", "Java", 82, 0, 46, 25, 153
"d:\GitRepos\JOGL-Engine-2\src\engine\exeptions\DrawableNotInitialized.java", "Java", 6, 0, 0, 2, 8
"d:\GitRepos\JOGL-Engine-2\src\engine\exeptions\LayerDoesNotExist.java", "Java", 6, 0, 0, 2, 8
"d:\GitRepos\JOGL-Engine-2\src\engine\physics2D\collisions\Area.java", "Java", 46, 0, 35, 9, 90
"d:\GitRepos\JOGL-Engine-2\src\engine\physics2D\collisions\Collisions.java", "Java", 18, 0, 25, 5, 48
"d:\GitRepos\JOGL-Engine-2\src\engine\physics2D\collisions\Vector2.java", "Java", 9, 0, 7, 3, 19
"d:\GitRepos\JOGL-Engine-2\src\engine\rendering\Drawable.java", "Java", 10, 0, 46, 10, 66
"d:\GitRepos\JOGL-Engine-2\src\engine\rendering\Drawer.java", "Java", 79, 0, 69, 51, 199
"d:\GitRepos\JOGL-Engine-2\src\engine\rendering\Layer.java", "Java", 39, 0, 33, 15, 87
"d:\GitRepos\JOGL-Engine-2\src\engine\rendering\LayerKeys.java", "Java", 8, 0, 0, 2, 10
"d:\GitRepos\JOGL-Engine-2\src\engine\rendering\Renderer.java", "Java", 45, 0, 15, 16, 76
"d:\GitRepos\JOGL-Engine-2\src\engine\rendering\color\Color.java", "Java", 27, 0, 33, 10, 70
"d:\GitRepos\JOGL-Engine-2\src\engine\rendering\geometry\Point.java", "Java", 20, 0, 26, 7, 53
"d:\GitRepos\JOGL-Engine-2\src\engine\rendering\geometry\Quad.java", "Java", 52, 0, 55, 17, 124
"d:\GitRepos\JOGL-Engine-2\src\engine\rendering\geometry\Triangle.java", "Java", 20, 0, 19, 8, 47
"d:\GitRepos\JOGL-Engine-2\src\engine\resourse\ImageResource.java", "Java", 62, 0, 10, 27, 99
"d:\GitRepos\JOGL-Engine-2\src\engine\resourse\Sprite.java", "Java", 27, 0, 0, 11, 38
"d:\GitRepos\JOGL-Engine-2\src\engine\resourse\SpriteMap.java", "Java", 42, 0, 0, 20, 62
"d:\GitRepos\JOGL-Engine-2\src\engine\scenes\Scene.java", "Java", 42, 0, 0, 12, 54
"d:\GitRepos\JOGL-Engine-2\src\engine\scenes\SceneManager.java", "Java", 29, 0, 0, 12, 41
"d:\GitRepos\JOGL-Engine-2\src\engine\ui\elements\Text.java", "Java", 31, 0, 6, 15, 52
"d:\GitRepos\JOGL-Engine-2\src\engine\ui\elements\UIButton.java", "Java", 63, 0, 38, 24, 125
"d:\GitRepos\JOGL-Engine-2\src\engine\ui\elements\UIImage.java", "Java", 3, 0, 0, 3, 6
"d:\GitRepos\JOGL-Engine-2\src\engine\ui\layouts\Grid.java", "Java", 3, 0, 0, 3, 6
"d:\GitRepos\JOGL-Engine-2\src\minesweeper\Constants.java", "Java", 28, 0, 4, 8, 40
"d:\GitRepos\JOGL-Engine-2\src\minesweeper\Game.java", "Java", 95, 0, 22, 31, 148
"d:\GitRepos\JOGL-Engine-2\src\minesweeper\gametypes\Tile.java", "Java", 90, 0, 27, 28, 145
"d:\GitRepos\JOGL-Engine-2\src\minesweeper\scenetypes\GameScene.java", "Java", 152, 0, 41, 51, 244
"Total", "-", 1445, 6, 756, 552, 2759